<?xml version="1.0" encoding="UTF-8" standalone="yes"?>
<addon id="repository.zeusrepo" name="Zeus RepositorioBR" version="1.0" provider-name="FLIXPOWER23234">
    <extension point="xbmc.addon.repository" name="Nome Repository">
        <dir>
            <info compressed="false">https://raw.githubusercontent.com/FLIXPOWER23234/ZEUSREPOKODI/master/zips/addons.xml</info>
            <checksum>https://raw.githubusercontent.com/FLIXPOWER23234/ZEUSREPOKODI/master/zips/addons.xml.md5</checksum>
            <datadir zip="true">https://raw.githubusercontent.com/FLIXPOWER23234/ZEUSREPOKODI/master/zips/</datadir>
        </dir>
    </extension>
    <extension point="xbmc.addon.metadata">
        <summary>repository.zeusrepo</summary>
        <description>[B][COLOR yellow]!!OS MELHORES ADDONS ESTÃO AQUI!![/COLOR][/B]</description>
        <disclaimer></disclaimer>
        <platform>all</platform>
        <assets>
            <icon>icon.png</icon>
            <fanart>fanart.jpg</fanart>
        </assets>
    </extension>
</addon>